{"mdl_params": {"N": 4, "q": 20, "F": 5, "u": 5, "M": 2, "p": 20, "G": 3, "v": 10, "input_size": 4, "output_size": 2, "encoder_features": [64, 8], "encoder_kernels": [3, 3], "decoder_features": [64, 64]}, "helper_params": {"input_scaling_list": [0.22548458850572256, 0.2303922628817342, 0.8499841829565112, 0.8068204785030322], "output_scaling_list": [0.04174051868487638, 0.04260320173876865], "dt": 0.005, "input_sequence_length": 125, "output_indices": [0, 10, 20, 20, 30, 40], "output_times": [0.0, 0.05, 0.1, 0.101, 0.15, 0.2], "lead_time" : 0.025, "input_sequence_trim_length" : 100, "linear_lead_time_scalar" : 4.0, "circle_lead_time_scalar" : 4.0, "dim" : 2}}
